area,name
国产欧洲品牌,沃尔沃亚太
国产欧洲品牌,东风雷诺
国产欧洲品牌,宝沃汽车
国产欧洲品牌,北京奔驰
国产欧洲品牌,奇瑞捷豹路虎
国产欧洲品牌,福建奔驰
国产欧洲品牌,车质尚环达牌奔驰房车
国产欧洲品牌,飞驰飞球牌奔驰房车
国产欧洲品牌,上喆汽车
国产欧洲品牌,华晨宝马
国产欧洲品牌,一汽-大众奥迪
国产欧洲品牌,广汽菲克菲亚特
国产欧洲品牌,上汽斯柯达
国产欧洲品牌,长安沃尔沃
国产欧洲品牌,东风雪铁龙
国产欧洲品牌,长安标致雪铁龙
国产欧洲品牌,东风标致
国产欧洲品牌,青年莲花
国产欧洲品牌,上汽大众
国产欧洲品牌,一汽大众
国产欧洲品牌,南京依维柯
国产美国品牌,广汽菲克Jeep
国产美国品牌,北京克莱斯勒
国产美国品牌,东南道奇
国产美国品牌,上汽通用凯迪拉克
国产美国品牌,上汽通用雪佛兰
国产美国品牌,上汽通用别克
国产美国品牌,长安福特
国产美国品牌,江铃福特
国产日本品牌,江西五十铃
国产日本品牌,广汽讴歌
国产日本品牌,东风英菲尼迪
国产日本品牌,一汽丰田
国产日本品牌,广汽丰田
国产日本品牌,广汽本田
国产日本品牌,东风本田
国产日本品牌,东风日产
国产日本品牌,一汽马自达
国产日本品牌,长安马自达
国产日本品牌,长安铃木
国产日本品牌,昌河铃木
国产日本品牌,东南汽车
国产日本品牌,广汽三菱
国产日本品牌,郑州日产
国产日本品牌,庆铃汽车
国产韩国品牌,四川现代
国产韩国品牌,北京现代
国产韩国品牌,东风悦达起亚
国产自主品牌,知豆
国产自主品牌,御捷电动汽车
国产自主品牌,云度新能源
国产自主品牌,游侠电车
国产自主品牌,厦门金旅
国产自主品牌,蔚来
国产自主品牌,长城汽车
国产自主品牌,潍柴动力
国产自主品牌,腾势汽车
国产自主品牌,SWM斯威汽车
国产自主品牌,苏州金龙
国产自主品牌,奇瑞新能源
国产自主品牌,前途汽车
国产自主品牌,南京金龙
国产自主品牌,绵阳金杯
国产自主品牌,华凯明君汽车
国产自主品牌,领克
国产自主品牌,猎豹汽车
国产自主品牌,陆地方舟
国产自主品牌,康迪电动
国产自主品牌,凯翼汽车
国产自主品牌,卡威集团
国产自主品牌,君马汽车
国产自主品牌,江铃集团新能源
国产自主品牌,江铃集团轻汽
国产自主品牌,捷途汽车
国产自主品牌,华晨宝马_之诺
国产自主品牌,华晨鑫源
国产自主品牌,汉腾汽车
国产自主品牌,恒天汽车
国产自主品牌,华泰新能源
国产自主品牌,华晨华颂
国产自主品牌,广汽新能源
国产自主品牌,观致汽车
国产自主品牌,福汽新龙马
国产自主品牌,东风小康
国产自主品牌,东风悦达起亚
国产自主品牌,东风乘用车
国产自主品牌,郑州日产
国产自主品牌,大乘汽车
国产自主品牌,长安欧尚
国产自主品牌,长安跨越
国产自主品牌,长安轻型车
国产自主品牌,成功汽车
国产自主品牌,长城汽车
国产自主品牌,比速汽车
国产自主品牌,北汽瑞丽
国产自主品牌,北汽新能源
国产自主品牌,北汽幻速
国产自主品牌,北汽威旺
国产自主品牌,北京汽车
国产自主品牌,安凯客车
国产自主品牌,华晨中华
国产自主品牌,奇瑞汽车
国产自主品牌,开瑞汽车
国产自主品牌,奇瑞瑞麒
国产自主品牌,奇瑞威麟
国产自主品牌,新凯奔驰
国产自主品牌,一汽奔腾
国产自主品牌,一汽红旗
国产自主品牌,东风启辰
国产自主品牌,比亚迪
国产自主品牌,吉利汽车
国产自主品牌,吉利帝豪
国产自主品牌,上海华普
国产自主品牌,上海英伦
国产自主品牌,吉利全球鹰
国产自主品牌,天津一汽
国产自主品牌,力帆汽车
国产自主品牌,哈飞汽车
国产自主品牌,广汽理念
国产自主品牌,昌河汽车
国产自主品牌,郑州日产
国产自主品牌,上汽通用宝骏
国产自主品牌,东风汽车
国产自主品牌,海马汽车
国产自主品牌,一汽欧朗
国产自主品牌,东南汽车
国产自主品牌,一汽吉林
国产自主品牌,上汽大通
国产自主品牌,上汽集团
国产自主品牌,上汽MG
国产自主品牌,一汽海马
国产自主品牌,广汽吉奥
国产自主品牌,陆风汽车
国产自主品牌,广汽长丰
国产自主品牌,江铃汽车
国产自主品牌,长城汽车
国产自主品牌,中兴汽车
国产自主品牌,永源汽车
国产自主品牌,众泰汽车
国产自主品牌,华泰汽车
国产自主品牌,九龙汽车
国产自主品牌,野马汽车
国产自主品牌,北汽制造
国产自主品牌,江淮汽车
国产自主品牌,东风裕隆
国产自主品牌,双环汽车
国产自主品牌,广东福迪
国产自主品牌,大迪汽车
国产自主品牌,江淮卡车
国产自主品牌,华晨金杯
国产自主品牌,长安汽车
国产自主品牌,上汽通用五菱
国产自主品牌,东风风行
国产自主品牌,新凯汽车
国产自主品牌,一汽通用
国产自主品牌,上海汇众
国产自主品牌,东风小康
国产自主品牌,北京福田
国产自主品牌,曙光汽车
国产自主品牌,一汽红塔
国产自主品牌,金龙客车
国产自主品牌,亚星客车
国产自主品牌,中通客车
国产自主品牌,广汽传祺
进口欧洲品牌,德国泰卡特
进口欧洲品牌,斯达泰克
进口欧洲品牌,Rimac
进口欧洲品牌,如虎
进口欧洲品牌,MINI JCW
进口欧洲品牌,德国卡尔森
进口欧洲品牌,KTM
进口欧洲品牌,雪铁龙(进口)
进口欧洲品牌,宝沃集团
进口欧洲品牌,阿尔宾娜ALPINA
进口欧洲品牌,AC Schnitzer
进口欧洲品牌,奔驰（进口）
进口欧洲品牌,梅赛德斯-迈巴赫
进口欧洲品牌,梅赛德斯_AMG
进口欧洲品牌,英国摩根
进口欧洲品牌,英国Noble
进口欧洲品牌,英国迈凯伦
进口欧洲品牌,巴博斯
进口欧洲品牌,英国宾利
进口欧洲品牌,劳斯莱斯
进口欧洲品牌,迈巴赫
进口欧洲品牌,荷兰世爵
进口欧洲品牌,smart
进口欧洲品牌,宝马（进口）
进口欧洲品牌,MINI
进口欧洲品牌,奥迪（进口）
进口欧洲品牌,捷豹
进口欧洲品牌,大众（进口）
进口欧洲品牌,标致(进口）
进口欧洲品牌,雪铁龙（进口）
进口欧洲品牌,沃尔沃(进口）
进口欧洲品牌,雷诺（进口）
进口欧洲品牌,宝马M
进口欧洲品牌,欧宝
进口欧洲品牌,斯柯达（进口）
进口欧洲品牌,菲亚特（进口）
进口欧洲品牌,西雅特
进口欧洲品牌,阿尔法·罗密欧
进口欧洲品牌,英国路虎
进口欧洲品牌,德国威兹曼
进口欧洲品牌,意大利布加迪
进口欧洲品牌,阿斯顿·马丁
进口欧洲品牌,Audi Sport
进口欧洲品牌,法拉利
进口欧洲品牌,保时捷
进口欧洲品牌,兰博基尼
进口欧洲品牌,玛莎拉蒂
进口欧洲品牌,意大利帕加尼
进口欧洲品牌,柯尼赛格
进口欧洲品牌,英国路特斯
进口欧洲品牌,曼商用车
进口欧洲品牌,斯堪尼亚
进口美国品牌,威蒙积泰 
进口美国品牌,美国特斯拉
进口美国品牌,SSC
进口美国品牌,Rezvani
进口美国品牌,SRT
进口美国品牌,福特（进口）
进口美国品牌,林肯
进口美国品牌,凯迪拉克（进口）
进口美国品牌,克莱斯勒(进口）
进口美国品牌,别克（进口）
进口美国品牌,道奇（进口）
进口美国品牌,雪佛兰（进口）
进口美国品牌,通用悍马
进口美国品牌,Jeep(进口）
进口美国品牌,迈克卡车
进口美国品牌,美星华通GMC
进口日本品牌,塞恩Scion
进口日本品牌,雷克萨斯
进口日本品牌,雷克萨斯F
进口日本品牌,讴歌（进口）
进口日本品牌,英菲尼迪（进口）
进口日本品牌,丰田(进口）
进口日本品牌,本田(进口)
进口日本品牌,三菱(进口）
进口日本品牌,日产(进口）
进口日本品牌,马自达（进口）
进口日本品牌,日本铃木
进口日本品牌,斯巴鲁
进口日本品牌,日本五十铃
进口韩国品牌,现代(进口）
进口韩国品牌,起亚（进口）
进口韩国品牌,韩国大宇
进口韩国品牌,韩国双龙
